id,name,model_id:id,group_id:id,perm_read,perm_write,perm_create,perm_unlink
access_litige_litige,access_litige_litige,model_litige_litige,,1,1,1,1
access_litige_type,access_litige_type,model_litige_type,,1,1,1,1
access_litige_acheteur,access_litige_acheteur,model_litige_acheteur,,1,1,1,1
access_litige_suppleant,access_litige_suppleant,model_litige_suppleant,,1,1,1,1
access_litige_brvlines,access_litige_brvlines,model_litige_brvlines,,1,1,1,1
access_report_litige,access_report_litige,model_report_litige,,1,1,1,1
access_litige_lines,access_litige_lines,model_litige_lines,,1,1,1,1
access_litige_brv,access_litige_brv,model_litige_brv,,1,1,1,1
