<?xml version="1.0" encoding="utf-8"?>
<!-- Copyright 2016 Eficent Business and IT Consulting Services S.L.
     License LGPL-3.0 or later (http://www.gnu.org/licenses/lgpl-3.0) -->
<odoo noupdate="1">
        <record id="seq_litige_brv" model="ir.sequence">
            <field name="name">Brv</field>
            <field name="code">litige.brv</field>
            <field name="prefix">brv</field>
            <field name="padding">5</field>
        </record>

        <record id="seq_litige_litige" model="ir.sequence">
            <field name="name">Litige</field>
            <field name="code">litige.litige</field>
            <field name="prefix">LT</field>
            <field name="padding">5</field>
        </record>

    <record id="seq_litige_ligne" model="ir.sequence">
            <field name="name">Litige line</field>
            <field name="code">litige.ligne</field>
            <field name="prefix">L</field>
            <field name="padding">1</field>
        </record>
    
    <record id="seq_litige_brvligne" model="ir.sequence">
            <field name="name">Litige brv</field>
            <field name="code">litige.brvligne</field>
            <field name="prefix">Lb</field>
            <field name="padding">1</field>
        </record>
</odoo>
